Adam Adam Isom adamrgisom adamrgisom@gmail.com

Alamelu Alamu Palaniappan alamuv alam.palaniappan@gmail.com

Alex Alex Nitta alexnitta a.j.nitta@gmail.com

Bryan Bryan Newby brnewby602 brnewby602@gmail.com

Buck Bucko Perley Buck013 bucko.perley@gmail.com

Colin Colin Goltra gltr colin@goltra.co

Connie Connie Cheung conniedaisy conniedcheung@gmail.com

Daniel Danny Tunon danieltunon danieltunon@gmail.com

David David Ogor doctown davidogor@gmail.com

Drake Drake Wang yochess drakewang@gmail.com

Fred Freddie Ryder fredryder frederickryder@gmail.com

Inje Inje Yeo byeo630 brianinyeo@gmail.com

John Vince Boucherie jboucherie jvboucherie@gmail.com

Jonathan Jonathan Mah zelifus jonathan.mah.7@gmail.com

Kevin Kevin Nguyen kevinwin mail@kevinwin.com

Krista Krista Moroder kmoroder kmoroder@gmail.com

Liam Liam Hatcher lhatcher hatcherpiano@gmail.com

Matthew Matt Bresnan mbresnan1701 mb639@nau.edu

Megan Megan Smith msmith9393 megan@tokaypress.com

Michael Michael Rico mrmrico rico.michael@gmail.com

Mike Mike Jonas mikejonas motion@gmail.com

Nathaniel Nathaniel Edwards nthaniel nedwards@gmail.com

Rahim Rahim Dharssi rahimftd rahim.dharssi@gmail.com

Rane Rane Gridley ranebo ranegri3@gmail.com

Roland Roland Fung rolandfung roland.c.fung@gmail.com

Skye Skye Free swfree skye.free@gmail.com

Steven Steven Tran steventran06 steventran06@gmail.com

Toben Toben Green tobensg tobensg@gmail.com

Tor Tor Sinclair torsinclair

Travis Travis Baratcart travisbaratcart baratcart.travis@gmail.com

Trini Trini Le trinile trinile@gmail.com

Vinitha Vini Raja vinithasraja vinitha.6m@gmail.com

Vivian Vivian Chen vichen vivian.vc.chen@gmail.com

Xiaoyu Michelle He michelleheh fishfishher@gmail.com
